id	tweet	task
1	@BreitbartNews OK Shannon, YOU tell the veterans in those locker rooms they have to stay there until the celebration of what they fought for is over.	NOT
2	@LeftyGlenn @jaredeker @BookUniverse @hashtagzema @RalphLombardi @NathanHRubin Fine... Because i could afford a gun if i wanted to. I could fit it into my budget. My budgeting is fine??? Here in canada we have gun insurance and gun control? And lotsa p	NOT
3	Hot Mom Sucks Off Step Son In Shower 8 min https://t.co/Y0zi9f5z6J	OFF
4	bro these are some cute butt plugs I‚Äôm trying to cop https://t.co/RsnxRF4HTi	OFF
5	Arizona Supreme Court strikes down state legislation prohibiting medical marijuana use on public college c... https://t.co/f2PTckxYvP	NOT
6	Arguing gun control is wrong of me whoever has a strong opinion doesn‚Äôt really care about facts they have a emotional connection to the issue and its a waste of me to argue. When am I gonna learn that lol.	NOT
7	Doctors‚Äô interest in medical marijuana far outpaces available research https://t.co/JLdEuhdyBG via @thecannifornian_com https://t.co/qJIgzq4HiD	NOT
8	"A must-read and a must-share for all your friends who support common sense"" gun control. https://t.co/hiCzzpbdjy"""	NOT
9	@Jo2timess Now that‚Äôs the dumbest shit I have ever heard in my life!!!LIKE WTF!!!!	OFF
10	Agreed! When all of this drama was unfolding agents I know said Comey had stacks of resignation letters piling up on his desk &amp; no one wanted to interact with him anymore. When he let Clinton off the hook there were agents throwing shit at their TV's! You are a disgrace @Comey https://t.co/rZFBlgEWBy	OFF
11	@NewYorker On the condition of self-reading after the completion of the marriage ceremony in the royal ship and the‚Ä¶ https://t.co/67CptVIuYW	NOT
12	Surprise Vote in Congress Protects Medical Marijuana From Federal Interference https://t.co/qtKKklkdke via @wordpressdotcom	NOT
13	Nationwide support for gun control falls https://t.co/Q2ojIuFt7p https://t.co/BfWSSuFWMQ	NOT
14	@NOA2iCY ooooh i love pineapples. i‚Äôm hoping to find a pi√±a colada in a pineapple	NOT
15	Columbia Care expands home delivery service to all patients in New York State. https://t.co/1tGLhpK98N	NOT
16	@BreitbartNews Stunning !!! Obama is everywhere	NOT
17	When John from the @cNationChannel asked our CEO, Morris Denton, how difficult it was to pass medical marijuana legislation in Texas, his answer might surprise you. Listen to this great interview on @TheKushJournals from the recent #MJBizConNEXT. https://t.co/LYAPK5JTWq	NOT
18	it was sexy when this girl told me it was impressive that i could type fast cuz i failed all the touch typing class‚Ä¶ https://t.co/YuDED5Sfx9	NOT
19	@batsai @visiblecare I agree it is very unfortunate that they are starting off like this. Very bad press when starting something new means rough roads ahead	NOT
20	@cattunneycbc @pdmcleod yeah anyone who says that is a directive is full of shit.	OFF
21	Medical marijuana shops lack votes in Collier; commission puts off issue 6 months https://t.co/VvoLdPdQDl via @ndn	NOT
22	79 percent of people answered this correctly. Can you? https://t.co/wjSXbrNyR1	NOT
23	She‚Äôs right...he is pretty awesome! @Rockies ...don‚Äôt you agree?? https://t.co/fg729D20t2	NOT
24	@BreitbartNews Guess he can just mute them then	NOT
25	Support for gun control slips in new poll https://t.co/35XV5wVeOo	NOT
26	Cyrus is a sweet, affectionate boy who loves to be with his people. He is very smart and loves to go for walks. He is very picky about his doggie friends but is good with some. He is looking for a #foreverhomecome meet him or click here: https://t.co/fxX8Ntftvz #adoptme #ymm https://t.co/GEis4SqqTf	NOT
27	@hughhewitt @mishacollins What the hell...? What does that tweet have to do with gun control...? Maybe try to make your tweet have some sort of sense...	OFF
28	And not give a single fuck. https://t.co/b6vchAVYZl	OFF
29	Guess ima have to beat some lil kids asses today cause lil Becky not about to but my kid and get away with it https://t.co/RpRmn2tbAn	OFF
30	Prayer: Keep it simple Keep it honest Keep it going #Alpha #prayer	NOT
31	By looking at the month you were born, we will reveal which symbol best represents your soul, and what that symbol says about the kind of person that you are! https://t.co/dJiqfJvAi2	NOT
32	Does anyone know where @sarangkimKAI &amp; @LubzzC are??? Or what they are doing now?	NOT
33	@thehill Even if this is factual, the overwhelming majority of Americans support increased gun control.	NOT
34	Medical marijuana opponents, Lt. Governor don't oppose Utah Patients jumping into lawsuit https://t.co/KIBc9JW8cz	NOT
35	@BrittMcHenry @Hankdiggy Hmm. There was no such conduct in place for a peaceful protest until today. You wanna be Patriots kill me. You are ALL for bans on kneeling but when it comes to saving lives with gun control you are no longer patriots.	NOT
36	@kookpics @Aoba_Seradaddy Look at how smug he is after üòÇüòÇüòÇ	NOT
37	MustWeed: West Virginia Legislature May Revisit Medical Marijuana https://t.co/XrQuQoFZU7 https://t.co/bOVeBOl3yW	NOT
38	Arizona High Court to Rule on Whether Colleges Can Ban Medical Marijuana @mjdotc https://t.co/QrEOjz42bT #cannabiscommunitynews	NOT
39	"The @netflix series #Explained already has my interest. Love is a feeling, monogamy is a rule."""""	NOT
40	The U.S. is giving away the $30 billion medical marijuana industry. Why? Because the feds are bogarting the weed, while Israel and Canada are grabbing market share, @joshdean66 reports #tictocnews https://t.co/6e9AucRSCR https://t.co/ohMYVS39hT	NOT
41	When the government refers to medical marijuana farm in a state where its decriminalized as ‚Äúorganized crime‚Äù. Nice waste of millions of tax dollars America, can we focus on actual drug problems now?	NOT
42	@beefcakesteve same here, they are all so sweet, I love them	NOT
43	Medical marijuana opponents, Lt. Governor don't oppose Utah Patients jumping into lawsuit https://t.co/MoXKzc6cNt	NOT
44	@NewYorker Get over it. The weddings over.	NOT
45	BUSTED!!! Kemi Olunloyo Replies Linda Ikeji‚Ä¶ Expose Photos Of The MOONBUMP She Is Wearing [See Photos]‚Ä¶ https://t.co/DgVvxmMObC	NOT
46	üç∫üçøready!! https://t.co/clD7tbC0z5	NOT
47	@SpeakerRyan Does that include medical marijuana in states its not legal yet?	NOT
48	Most oncologists have discussed the use of medical #marijuana with their patients, a new study finds. https://t.co/n2nHbak8hC https://t.co/r9n3TI47wu	NOT
49	BUSTED!!! Kemi Olunloyo Replies Linda Ikeji‚Ä¶ Expose Photos Of The MOONBUMP She Is Wearing [See Photos]‚Ä¶ https://t.co/8jkhmryztU	NOT
50	They did it because he is the president's SIL. We are now a banana republic, where the only thing that matters is fealty to the dictator. Competence is irrelevant. Character is irrelevant. #GOPAbuseofPower https://t.co/4W6iu3hkmU	NOT
51	okay but it actually sucks so much that the first year I COULD go to every Reeperbahn Festival day, I'm in Strasbourg and can only attend the last day	NOT
52	"@NewYorker Though, there was that film Pope Pius, Friend of the Nazis."""""	NOT
53	IM FREEEEE!!!! WORST EXPERIENCE OF MY FUCKING LIFE	OFF
54	A bastard tick killed my sisters dog. Lyme disease is a real risk for female labradors, golden retrievers and Wheaten terriers. #LymeDisease #LymeDiseaseAwarenessMonth https://t.co/iuw4evNsL8	OFF
55	bizarre Op-Ed Thinks Founding Fathers Would Support Gun Control Because Of Dead Kids https://t.co/y2fGt0P6el via @BearingArmsCom	NOT
56	@kinky_pooja's account is temporarily unavailable because it violates the Twitter Media Policy. Learn more.	NOT
57	@BreitbartNews Disgustingly sick turn of mindset for California, modern day Sodom and Gomorrah.	NOT
58	@NewYorker Identity politics at its best !!!! How did the first black woman in US Senate turn out ? Lol.	NOT
59	@Arbys @Electric_Mucus @badsandwich Thank you for not destroying the beauty Arbys. I ate you more because of the nihilism. Now I guess I'll eat more. Or nothing at all.	NOT
60	HEADLINE: girl continues to display flashy guns, further emphasizing the lack of gun control from legislatures. Call your local governor and do something about it today! https://t.co/s2ZTpg06BB	NOT
61	@BreitbartNews This account is his personal account and he has every right accorded to everyone else on Twitter so it doesn‚Äôt hold water. Twitter can‚Äôt treat Donald Trump any different than Obama.	NOT
62	@BreitbartNews Most of those harrassers should be thrown off Twitter under the rules. Singleing out an individual for purposes of harrassment.	NOT
63	Medical marijuana is on the ballot in June. And I saw a headline about how people oppose to medical marijuana and I just do not understand	NOT
64	Arizona Court to Rule on Medical Marijuana on Campuses @usnews https://t.co/CoYKMeVZYc https://t.co/OEj53Rne3x	NOT
65	@BreitbartNews Little Marco Trump will get things done	OFF
66	@BreitbartNews This ruling may have implications for Twitter and its rampant use of shadow-bans and algorithmic censorship. We shall see...... #WWG1WGA https://t.co/F8ng8p56tE	NOT
67	@aaronLebeahm Good question. All we can do is hold on to this crazy ride and make sure we never stop talking about‚Ä¶ https://t.co/8NZQZ6KeDc	NOT
68	@ABdeVilliers17 üò≠üò≠üò≠üò≠ i am not believe Sir You are in retire...... please cam back sir	NOT
69	@NewYorker If you suddenly found yourself atop the ‚Äúswamp‚Äù aka business &amp; politics as usual aka equally influential domestic &amp; foreign interests professionally represented, how would you operate? Who would you trust? The establishment? No late	NOT
70	@thehill @DLoesch We already have gun control. Not one of those gun guntrol laws do anything to effect the cause of not only gun violence but violence in general. The condition of the human heart. We as nations turned away from Jehovah God he turned us ov	NOT
71	10 #Marvel and #DC Parodies That Are Not For Kids https://t.co/PEUycBcQOU https://t.co/UfObfezQl6	NOT
72	WWII always on that fuck shit i'm finna go play fortnite like a dweeb	OFF
73	@realDonaldTrump Everyone already know what you are trying to do with the fake news and witch hunt shit um....it‚Äôs not working	OFF
74	@NewYorker The video shows how undercooked they are! I can't imagine paying $1000 for undercooked wings ü§£ #salmonella	NOT
75	@BreitbartNews I remember Kimmel being funny once. Years ago on the NFL today as a prop man!!	NOT
76	@NewYorker @arminfar go I am sure	NOT
77	@NewYorker Shocked to learn that the #respectthelaw hashtag used by the #MAGA-T's only applies when a minority is gunned down by the police.	NOT
78	This fine ass girl just got my number she better quit playing üòÜüòç	OFF
79	if it's not about me its about Matt. blah blah blah worrrry about your bf who makes you feel like shit but you act like yall good. üòÇüòõ‚úå	OFF
80	@saeychung Oh she is the worst. Ugh	OFF
81	Internet Archive Removes Evidence That Companies Sold Stalkerware, But Not ISIS Propaganda https://t.co/PZoSbH7qZn reputationbank	NOT
82	@BreitbartNews And liberals block me on the regular. No double standard or bias here https://t.co/qtFKHkguxn	NOT
83	AWR Hawkins: Gun Control Is Not School Safety | Breitbart https://t.co/Hi4FtsVSgz https://t.co/hvxWSndM2O	NOT
84	Microdosing Is the Future of Cannabis | Medical Marijuana News- #MMJ https://t.co/0JAuwjGzFK	NOT
85	"The university‚Äôs Lambert Center for the Study of #Medicinal #Cannabis and #Hemp had partnered with ioVita, a‚Ä¶ https://t.co/Mr62VslKr8"""	NOT
86	@BillOReilly Because marijuana doesn't hurt anyone. Please see medical marijuana	NOT
87	@BreitbartNews Here's some news. https://t.co/hCAWG2TqC4	NOT
88	@NewYorker yes there are gold coated chicken wings. I do not knows who buys them at ¬£1000 a plate.maybe I know the wrong people.	NOT
89	Having a medical marijuana card is an easy way to say you were under the influence in any situation	NOT
90	@BreitbartNews Good	NOT
91	@dvnmya Gemini‚Äôs are my favs fuck the haters tbh	OFF
92	@BreitbartNews Obama fed the country shit sandwiches for 8 years. Maybe Jim just has his addled mind confused about dates and who fed who what.. https://t.co/ynoQjQ11lT	OFF
93	@NewYorker One of great American #authors loved his work. RIP	NOT
94	Breitbart | Criminals do not obey gun control laws. Period.... https://t.co/MXZYpJfaGU https://t.co/tF87s986BK	NOT
95	@BreitbartNews Ironic because she's just like a shotgun.two cocks and she's ready to blow!	OFF
96	So fucking irritated	OFF
97	Obama‚Äôs Education Secretary Is Wrong About Gun Control Being Best Way to Keep Kids Safe https://t.co/hdOeUHC50l https://t.co/WhBHYYRG2A	NOT
98	i told yall im not supposed to fuckin explain so stop asking me why goddamn https://t.co/NImBRp4GcO	OFF
99	Health department preparing plan in case voters approve medical marijuana measure https://t.co/P74cnDNS8W https://t.co/thHFDqGlxo	NOT
100	Should Florida let patients smoke medical marijuana? A judge will now decide https://t.co/4B49hsCmge	NOT
101	@DRoofwood @CNNPolitics Appear to be falling apart? They pled. They‚Äôre guilty. They are cooperating with mueller. So sessions recused himself just for honor. That‚Äôs not how law works. Recusals don‚Äôt happen b/c of honor.	NOT
102	@BreitbartNews That's a dangerous slippery slope. When is Twitter going to stop censoring opinions?	NOT
103	@BreitbartNews No one cares what Jim Carry does or says! he is irrelevant !	NOT
104	@Auzqn @tafadzwamarere @lashiasn @garweh2011 @Bweraz @chichie19 @ChelleChipato This will be my husband some day aneta hake nekushushwa	NOT
105	Okay everyone always talks aboht the pathetic army and all the soy boy branches and gay shit and what not but how come no body is talking about the fucking spartans like nibba they save the world unlike some people	OFF
106	Click here to watch it: https://t.co/GLOhbdSHUb https://t.co/M87Wl2BE8q	NOT
107	@PanicAtTheDisco We love you so much!!	NOT
108	"im just thinking about when we had to read cathedral"" back in ap british lit and ""the a&amp;p"" during my first year in college and both them were so fuckin boring üò¥"""	OFF
109	If you lose me bitch you losing ü§∑üèæ‚Äç‚ôÇÔ∏è	OFF
110	@GOPLeader @POTUS Maybe they could start by allowing medical marijuana as a viable substitute instead of labeling it schedule 1.	NOT
111	Yessss My shit looks bad Im so glad im off tomorrow	OFF
112	Sasha really came for my jugular and called me on my Scorpio fetish last night. Bxtch.	OFF
113	Medical marijuana taken orally yes; smoke it &amp; lungs destroyed,cancer, schizophrenia new studies show. Teachers c 'zoned out students' 0 learning, work ethic. Dr. Gupta has done 0 research. Gupta Killing students 4 wealth of Marijuana business @murdockme https://t.co/GYn5ZtdyZj	NOT
114	Arizona Supreme Court: Medical marijuana on #university campus not subject to arrest https://t.co/pkt1HVRBQx #MME #marijuana #cannabis #Medicalmarijuana #College https://t.co/iblv9wqZ2g	NOT
115	@NixBryan @thehill @DLoesch America was built on a republic, as far as gun control most Americans don't want it, it's an extremely unpopular opinion	NOT
116	@zackwhittaker I'm so sorry about this heartbreaking news. They are lucky to have you with them.	NOT
117	everyone keeps looking at me crazy when i tell them Junie bouta be 4 months üòÇ that‚Äôs how big he is. üòÖ	NOT
118	@NewYorker Capitalism is the antithesis of democracy.	NOT
119	@NewYorker Fakesters	NOT
120	@BreitbartNews This is funny I'm sick &amp; tired of Lib comedians using their show to bash Trump and his family I'm sick of it! Why doI have 2 pay 4 this crap? We need to be placed on an even plane that's all I ask! We want 2 get our message out as well	NOT
121	@BreitbartNews The price of fame and arrogance	NOT
122	@thetangibleC4 49 people died at Pulse. 58 people died at Las Vegas. 22 high school student this year. Not enough for Republicans to even have a discussion about gun control. What happened to the bump stock ban? It is dead in congress because of Republ	NOT
123	@BreitbartNews Give it up Lame ass	OFF
124	"@ketagoesglobal @OKANEMOCHI6 @XonEarth @MuslimIQ The Government"" is in the pocket of the NRA who want nothing more than for the ""right"" people to have as many guns as possible. Who are these government officials who push so strongly to take all of your gu"	NOT
125	@BreitbartNews By the way some of these Twitter comments are and ate threatening our president keep it up guys we got your back mr. president	NOT
126	As if i just waited an hour + at @TheChiquito coventry, then blanked a good 4 times when we asked how long food would be. Usually good service. Today however, absolutely shite.	OFF
127	@porpentina2017 @LunaLuvgood2017 @GOP They don‚Äôt. The GOP will keep supporting racketeer, illegitimate Trump. They never will stop the corruption of tRump. They are in it for the money. They want to destroy American democracy.	NOT
128	‚ÄúLook, I just want to break up all your shit Call your mama phone Let her know that she raised a bitch, then dial tone, click‚Äù	OFF
129	This topic keeps expanding and growing like a weed with each new state that passes a law or brings it to the table for discussion: medical marijuana. Read more on how MSS can provide the best storage units for this industry! https://t.co/o04SCOr5w0 https://t.co/nvaDhCWKhC	NOT
130	Thinking she a pretty decent bitch but she a hoe prolly üìç https://t.co/CGQndGerwl	OFF
131	@BreitbartNews So touching, so profound, so moving... I feel an Emy...	NOT
132	When you are insulted in public https://t.co/wbjdJnw4Ry #ministrylife	NOT
133	@DavidSonstebo @sweis @BoschGlobal @VWGroup @Ethan_Heilman @neha what about doing this in public? live stream of the curl-p atack? ill publish my IOTA adress with 100GI ... if you can hack it, its yours? deal? if not it shows that Ethan Heilman &amp; Neha	NOT
134	@BreitbartNews But thank goodness he‚Äôs all got the #ThoughtPolice working overtimeü§¶‚Äç‚ôÄÔ∏è	NOT
135	.@WCSIndia Attention Chief Warden #Rajasthan Dr.Reddy #SaveSuman Repeated requests for HELP have gone unanswered They are Breaking her SPIRIT .@timesofindia https://t.co/yzUoG8lnIc	NOT
136	Ask Erin Parszewski to be a guest on your podcast. She's as passionate about #business as she is about #health and #wellness! https://t.co/7YaUeZTD5C https://t.co/8AVznPA15i	NOT
137	@BreitbartNews Like he actually reads their tweets. lol	NOT
138	@NewYorker Yes she should	NOT
139	@SimplyKane_ I think Emery's primary job is to consolidate their top 4 position. Which he might be able to do next season with some major overhaul. I don't think they are asking for trophies from him so soon. He is a good manager but Arsenal's squad is po	NOT
140	@NewYorker Best of luck, Ms. Stacey Abrams -- rooting for you!	NOT
141	@NewYorker But do these firsts make her qualified? Just asking!----S	NOT
142	As a football fan, F u c k this shit ‚¨áÔ∏è And it‚Äôs not even the first or last time this organization mishandles an important issue. üôÑ https://t.co/ZmEQSWr3Jz	OFF
143	@NewYorker Hm. Sorry, not caring.	NOT
144	@joxnxgxrcix oh my gooooood he is such a man now	NOT
145	@mahwashajaz_ she is 11 year old, she should be called a child not teenager, even news paper reported it like that.	NOT
146	Obama‚Äôs Education Secretary Is Wrong About Gun Control Being Best Way to Keep Kids Safe https://t.co/8hSxiTA5v4	NOT
147	I love simba with my whole heart even if she is a giant dumbass most the time	OFF
148	@BreitbartNews Every time Sch met speaks ill of our president I think he is really alk big about our FORMER preside‚Ä¶ https://t.co/jHg6VaQpy4	NOT
149	Our team specializes in helping patients across Ohio obtain their medical marijuana cards. Give us a call, or send us a message, if you‚Äôd like to find out more information about how you can get your medical marijuana card in Ohio. https://t.co/D95MBSdKVY #Ohio #medicalmarijuana https://t.co/MdI0MeZ1C3	NOT
150	@BreitbartNews Well it sounds like they should pay their personnel more, instead of giving CEO‚Äôs big fat bonuses for cutting wages.	NOT
151	Lovely to meet Georgia Too üëçüòÄüôãüèª @TinyRebelNpt @networkEDcymru #networkedlocal https://t.co/c3MDP4aMj8	NOT
152	@NewYorker yeah but can he pay taxes?	NOT
153	Hot USA latina girlfriend sucking so nicely 5 min https://t.co/GjUW6g7Djx	OFF
154	GOP Rep proposes bill for more federal cannabis farms and better quality flower https://t.co/zRf0MftVOw https://t.co/0QZp4L3hzy	NOT
155	@NewYorker Sadly, probably not the first time she was alone at an event for Megan. Like every single mom who has had to say ‚ÄòDad couldn‚Äôt be here but he really wanted to be. He just had to go to X. He‚Äôs so proud of u. I‚Äôll send him pictures‚Äô Brave face fo	NOT
156	@aStarlightDream @stephenasmith @StephenCurry30 @HoustonRockets If you are the two time MVP and the man that runs this house.. Then you need to show up in the 4th. Especially in the playoffs..	NOT
157	@Alec_Krummen4 @Jander513 Even if he is, you like thug a little too much üòÇ	NOT
158	@RealJack What you never see is us conservatives beating up on the mental left Democrats! They are always violent. . That speaks volumes about them.	OFF
159	@VP How silly to devote energy to this while allowing kids to be shot in school without any push for action on gun control. Par for the course I guess in this administration.	NOT
160	@ncbn @hd_kumaraswamy You tumble in Cong, YSRC trap. To set scores, u get desperate n keep losing your grew. 1st time, I felt very bad with U, seeing you are in Cong lobby, to please your ego. Hope you still remember the reason, how TDP started then, whom	OFF
161	Seth Lancaster hits 17th HR of the year to give CCU 1-0 lead. He is tied with Kevin Woodall Jr., for the team lead. Lancaster has 31 career HR to move into tie for 7th on CCU list with the likes of Sappelt, Rigos, Remillard and Howle.	NOT
162	@BreitbartNews Glad it amuses you	NOT
163	This is a Man, a white Wolf, the Captain‚Äôs Girlfriend, he is in Infinity war !!! ( Ah bon ?? Ahaha ) https://t.co/A364FAFeYV	OFF
164	@DailyCaller who remembers obama on TV the day after sandy hook when a major gun control vote was voted down.... he was MAAAAAAAAAAAAAAAAAD. https://t.co/Vb56HupU3X	OFF
165	"Tomi was not assaulted"". She was splashed with a bit of cold water. Shes perfectly fine, just damp. Stop treating her like shes some sort of victim. Was it childish? Yes. Was it rude? Yes. But it was NOT assault. Calm the fuck down."""	NOT
166	"He points out that when opioids are used in combination with cannabis in animals, marijuana can boost an opioid's effectiveness without requiring higher dosages."" https://t.co/aZNozHWF5C"""	NOT
167	@alt_matt_tweet @realDonaldTrump He donates his entire salary from his Trump businesses every quarter to a worthwhile cause. If he is a conman, then I wish there were more Trumps in this world. #MAGA	NOT
168	Medical marijuana laws and adolescent marijuana use in the United States:systematic rev https://t.co/iQmJBPhckx	NOT
169	@VP I'm glad to see you are focused on the important issues of our time. Gun control can wait - am I right?	OFF
170	@BreitbartNews Oh go screw himself. Seriously, this judge doesn't get the concept of the First Amendment. Put him right here in my face. I would debate his dumbassery.	OFF
171	@thoughtidsay @Follow_Follow_ In what way does a Football League affect gun control or discrimination? They are asking their players to respect the Anthem, we would expect the same in the U.K.	NOT
172	I seriously need to get my shit together.	NOT
173	I need one of these jackets https://t.co/IgQq0vhGwp	NOT
174	First of all sebody find a boyfriend for @ektaravikapoor . She is so f$$$$$$ lonely https://t.co/JNXhfuvvRd	OFF
175	Fuck I keep waking up so fucking horny I‚Äôm üôÉüôÉüôÉüôÉüôÉ	OFF
176	@NewYorker Sure they will. They didn't learn from the last meltdown so we'll have to go through it all again.	NOT
177	Interesting how guns get such a bad rap in the US, but other countries--with stricter laws--have higher mortality rates... #2ndAmendment https://t.co/0YucZmJwKC	NOT
178	Can‚Äôt trust all these celebrities when they wanna smooth their faces &amp; shit. Apparently everyone‚Äôs got perfect skin üòÇüòÇüòÇ	OFF
179	@BreitbartNews THIS PIECE OF CRAP AND HER LIES DEMOCRAP PARTY HAVE BEEN THROWING OUT FOR 30 YEARS SICK THEY Outsourced ALL OUR JOBS FACTORIES A FACT WHEN THESE COMPANIES MOVED OVER SEAS THERE ARE NO EPA STANDARDS TO OBEY WHATEVER JOBS WERE LEFT GAVE IT TO	OFF
180	@visitmusiccity @Titans @NFL @EddieGeorge2727 @TheTimMcGraw Tim McGraw doesn't know his audience. U dont go campaig‚Ä¶ https://t.co/pu8ZGIfSfW	NOT
181	@JoelSsenyonyi @ntvuganda It's move of pay back from the previous episodes. More two years and double pay would be equivalent to two terms. They are concluding some contract	NOT
182	He is now a board member of NW provincial government #SupraMahumapelo	NOT
183	Vote for me to perform for $50K Grand Prize at #Alabama All Ages Edition 5/24/18! https://t.co/i9iuXFgcnx #Coast2Coast https://t.co/Hd8477g3c3	NOT
184	@hughhewitt @mishacollins Well he‚Äôs not wrong and as a Republican (non-Trump supporter) I agree we do need gun control ! And I am very aware of @mishacollins politics	NOT
185	@NewYorker She was gracious and dignified !	NOT
186	@BreitbartNews If this is true than twitter blocking should be illegal.	NOT
187	@BreitbartNews It's hard to understand how representative Al Green wants to impeach a president. Who has brought black unemployment to its lowest levels. What hypocrisy we're all Americans and yet hatred and divisiveness is all the Democrat has to offer.	OFF
188	@NewYorker They definitely have the numbers to do so if EVERYONE shows up &amp; votes!!	NOT
189	@NewYorker He's used to administrations that sell Uranium for profit, spy on their political opponents, and bow to our enemies. Probably for the best #DrainTheSwamp	NOT
190	@Tini4you Bitteü§óüòâüôàüôà	NOT
191	@SenorRodriguezz It also penalized a team once for wearing pink for breast cancer awareness. It‚Äôs sad. But that and gun control are completely unrelated	NOT
192	Little girls, listen closely 'Cause no one told me But you deserve to know That in this world, you are not beholden You do not owe them Your body and your soul ISSO √â UM HINO DE M√öSICA E O CLIPE ENT√ÉO https://t.co/21Lzl5FNpb #XtinaDemiVideo	NOT
193	Pennsylvania Becomes First State to Approve Medical Marijuana to Treat Opioid Addiction https://t.co/axaOAZZ1W6	NOT
194	@Holdipoika They are i agree on that but it cant be helped	NOT
195	@NewYorker She was fine! She was perfectly beautiful, proud, loving and fine.	NOT
196	@Nick79278488 @AshanteSky ü§£ü§£ü§£ he is just going to bug you for free pics	NOT
197	@BreitbartNews If Trump can't block then none of our public officials can. So the judge in this case should start one up. Why aren't you on Twitter Naomi Buchwald?	NOT
198	@btschartdata You are doing amazing sweetie https://t.co/NYwl0wkxGT	NOT
199	@CervantesPR1 Thing is remakes are only required with old ass games. Something from PS1/PS2 because they're outdated.. that's why yakuza 1 &amp; 2 needed remakes and Final Fantasy VII, PS3 games hold up hence why it's a 1080p/4k 60fps port.	NOT
200	Now that the Obama Admin. and their hacks are being exposed, all of the guilty with a brain are suddenly silent and the rest are screaming foul play! We will hear their propaganda well after they are wearing their orange pantsuits! üçøPopcorn anyone!üçøüçøüçøüçøüçø	NOT
201	my case manager just met me at the gas station and is bad ass	OFF
202	@NewYorker I get that puns are tempting, but the TV show title ‚ÄúMad Men excluded women to emphasize ‚Äò60s gender inequality. Referencing ‚ÄúMath Men‚Äù in a story about recent times unnecessarily erases women data scientists and engineers.	NOT
203	@qatarairways Hello, I need help getting past this error kindly... https://t.co/nWPgLfmLmH	NOT
204	@NewYorker Next!	NOT
205	this was my shit !! üï∫üèæ you wanna see some ass i wanna see some cash üòõ https://t.co/Nm3DRoXHY6	OFF
206	@BreitbartNews She slept with him for money &amp; you‚Äôre honoring her for resisting him?üòÇüòÇüòÇüòÇüòÇüòÇ Your level of stupidity amazes me!üòÇüòÇüòÇüòÇüòÇ	OFF
207	@NewYorker @StelioLardas John McCain is a loser presidential candidate that stayed in office far too long and caused the Obama administration endless hateful comments.	OFF
208	@BreitbartNews Schumer is dishonest, a liar and a corrupt representative. https://t.co/KTTJc9j4Su	OFF
209	All that crap you talked online about her......I‚Äôm glad you met Cris, she is one of the nicest people you will ever meet https://t.co/TWigCloKvE	NOT
210	@NewYorker &amp; utterly radiant....	NOT
211	I love JC but he needs to start systematically taking Theresa May down. She is handing him the ammunition, he needs to use it! #PMQs	OFF
212	@NewYorker @WakeUp2News I‚Äôm jealous of #Texas &amp; #Georgia. You have some great candidates running. Meanwhile in #Florida, we are stuck with less than mediocre senator @marcorubio for another 4 1/2 yrs. Go out there and vote. Don‚Äôt waste this opportunit	OFF
213	@SamWoodIII @NewJerseyAG @johnboenher @JanHefler @freedomisgreen @PhilMurphyNJ I just found this insect egg in my ‚Äúmedical marijuana‚Äù from CuraLeaf. It cost me $55 for 1/8. #socialjustice https://t.co/f66PXKbs6p	NOT
214	@BreitbartNews The Catholic Church is really screwed up. Nothing new here.	OFF
215	Why do people think I'm fucking velha all the time?	OFF
216	Arizona Supreme Court rules the legislature cannot criminalize marijuana possession on university campuses if a person has a medical marijuana card. Read the opinion https://t.co/bmARomcQtl @AZPMnews	NOT
217	"@BreitbartNews Artwork"" https://t.co/JJDXmCy22r"""	NOT
218	@madimozart @TimesNow He is a man of action? Lol. The actions you see are illusions.	NOT
219	Cannabis has been suggested to be an effective painkiller for most people. Follow these tips to have a productive conversation with you doctor about #MedicalMarijuana for #ChronicPain management. https://t.co/IO40LmMDvu	NOT
220	The Arizona Supreme Court is scheduled to rule on the legality of medical marijuana on college campuses. https://t.co/De7o7LEK4J	NOT
221	Things HAVE changed, and we can change more! https://t.co/7fHyssJc2Y	NOT
222	@NewYorker Human incels could learn a thing or two from their fruitfly brethren.	NOT
223	@RickCarioti89 @AT12397451 @NYDailyNews You have called me ‚Äúnuts‚Äù and the only reason I haven‚Äôt blocked you was because I thought you were a teenager and don‚Äôt know better. Now you insulted me again and you are done.	NOT
224	Click here for more Pictures: https://t.co/mclCwzPkQk https://t.co/DIIUHrUcdK	NOT
